feature	pkg	where	repo	version	votes	depends_n	installed_bytes	desc
compositor	hyprland	official	extra	0.56.2-3		62	67126447	a highly customizable dynamic tiling Wayland compositor
compositor	niri	official	extra	26.04-1		14	26079705	A scrollable-tiling Wayland compositor
compositor	sway	official	extra	1.12-4		15	5918588	Tiling Wayland compositor and replacement for the i3 window 
compositor	labwc	official	extra	0.20.2-1		16	689814	stacking wayland compositor with look and feel from openbox
compositor	river	official	extra	0.4.8-2		8	1141609	a non-monolithic Wayland compositor
compositor	wayfire	official	extra	0.11.0-1		21	9276553	3D Wayland compositor, inspired by Compiz and based on wlroo
bar / shell	quickshell	official	extra	0.3.1-1		27	6334842	Flexible toolkit for making desktop shells with QtQuick
bar / shell	waybar	official	extra	0.15.0-3		40	2276905	Highly customizable Wayland bar for Sway and Wlroots based c
bar / shell	noctalia	official	extra	5.1.0-1		33	34340621	A sleek, customizable desktop shell crafted for Wayland
bar / shell	dms-shell	official	extra	1.6.2-1		3	75308859	A Quickshell-based desktop shell with Material 3 design prin
bar / shell	yambar	AUR	-	1.11.0-1	20	13	0	Modular status panel for X11 and Wayland, inspired by polyba
bar / shell	hyprpanel	AUR	-	0.3.1-1	0	3	0	An opinionated panel/shell for the Hyprland compositor.
bar / shell	caelestia-shell	AUR	-	2.5.0-1	8	23	0	The desktop shell for the Caelestia dotfiles
bar / shell	aylurs-gtk-shell	AUR	-	3.1.2-1	18	6	0	Aylurs's Gtk Shell (AGS), An eww inspired gtk widget system.
bar / shell	sfwbar	AUR	-	1.0_beta17-1	11	5	0	S* Floating Window taskBar
bar / shell	wayle-bin	AUR	-	0.7.0-1	2	6	0	A configurable desktop shell for Wayland compositors
launcher	rofi	official	extra	2.0.0-1		17	1120005	A window switcher, application launcher and dmenu replacemen
launcher	wofi	official	extra	1.5.3-1		16	134759	launcher for wlroots-based wayland compositors
launcher	fuzzel	official	extra	1.15.0-1		9	335517	Application launcher for wlroots based Wayland compositors
launcher	tofi	AUR	-	0.9.1-2	41	7	0	Tiny rofi / dmenu replacement for wlroots-based Wayland comp
launcher	anyrun	AUR	-	26.6.1-1	3	1	0	A wayland native, highly customizable runner
launcher	walker	AUR	-	2.17.0-1	27	3	0	wayland application runner
launcher	sirula	AUR	-	1.1.0-1	2	1	0	An app launcher for wayland
notifications	mako	official	extra	1.11.0-1		7	144065	Lightweight notification daemon for Wayland
notifications	dunst	official	extra	1.13.2-2		9	298008	Customizable and lightweight notification-daemon
notifications	swaync	official	extra	0.12.6-1		8	763169	A simple GTK based notification daemon for Sway
notifications	fnott	official	extra	1.8.0-1		3	222853	Keyboard driven and lightweight Wayland notification daemon
lock screen	hyprlock	official	extra	0.9.6-3		24	864427	hyprland’s GPU-accelerated screen locking utility
lock screen	swaylock	official	extra	1.8.6-1		5	88937	Screen locker for Wayland
lock screen	gtklock	official	extra	4.0.0-1		4	56065	GTK-based lockscreen for Wayland
lock screen	swaylock-effects	AUR	-	1.7.0.0-4	40	4	0	A fancier screen locker for Wayland.
idle / timeout	hypridle	official	extra	0.1.8-2		10	285337	hyprland’s idle daemon
idle / timeout	swayidle	official	extra	1.9.0-1		2	37047	Idle management daemon for Wayland
wallpaper	awww	official	extra	0.12.1-1		4	11116111	An Answer to your Wayland Wallpaper Woes
wallpaper	hyprpaper	official	extra	0.8.4-8		18	490324	a blazing fast wayland wallpaper utility with IPC controls
wallpaper	mpvpaper	AUR	-	1.9-1	19	3	0	video wallpaper program for wlroots based wayland compositor
wallpaper	wbg	AUR	-	1.3.0-2	11	7	0	Wallpaper application for wlroots based Wayland compositors
wallpaper	swaybg	official	extra	1.2.2-1		3	34411	Wallpaper tool for Wayland compositors
colour / theme	matugen	official	extra	4.2.0-1		3	11945640	A material you color generation tool
colour / theme	wallust	AUR	-	3.5.2-1	19	2	0	Generate colors from an image
colour / theme	python-pywal	AUR	-	3.3.0-11	1	2	0	Generate and change colorschemes on the fly
colour / theme	python-pywal16	AUR	-	1:3.8.15-1	19	4	0	Generate and change color-schemes on the fly (fork that uses
screenshot	grim	official	extra	1.5.0-2		3	47077	Screenshot utility for Wayland
screenshot	slurp	official	extra	1.5.0-2		3	39477	Select a region in a Wayland compositor
screenshot	satty	official	extra	0.22.0-1		9	5837403	Modern screenshot annotation tool, inspired by Swappy and Fl
screenshot	swappy	official	extra	1.8.0-1		3	127098	A Wayland native snapshot editing tool
screenshot	hyprshot-git	AUR	-	1.3.0.r0.054b896-1	2	6	0	A utility to easily take screenshots in Hyprland using your 
screenshot	flameshot	official	extra	14.0.0-1		3	3337428	Powerful yet simple to use screenshot software
screen record	wf-recorder	official	extra	0.6.0-2		9	125219	Screen recorder for wlroots-based compositors such as sway
screen record	wl-screenrec	AUR	-	0.3.2-2	22	4	0	High performance hardware accelerated wlroots screen recorde
screen record	kooha	official	extra	2.3.2-3		7	2546178	Elegantly record your screen
screen record	obs-studio	official	extra	32.2.2-1		19	25913121	Free, open source software for live streaming and recording
clipboard	wl-clipboard	official	extra	2.3.0-1		2	103042	Command-line copy/paste utilities for Wayland
clipboard	cliphist	official	extra	0.7.0-2		2	2423847	wayland clipboard manager
clipboard	wl-clip-persist	official	extra	0.5.0-2		2	3112693	Keep Wayland clipboard even after programs close
dock	nwg-dock-hyprland	official	extra	0.4.11-1		2	13952044	GTK3-based dock for Hyprland Wayland compositor
dock	nwg-dock	official	extra	0.4.3-4		2	5495826	GTK3-based dock for sway Wayland compositor
dock	plank	official	extra	0.11.89-6		14	1611385	Elegant, simple, clean dock
terminal	kitty	official	extra	0.48.2-1		22	68776740	A modern, hackable, featureful, OpenGL-based terminal emulat
terminal	foot	official	extra	1.28.0-2		8	831684	Fast, lightweight, and minimalistic Wayland terminal emulato
terminal	alacritty	official	extra	0.17.0-1		7	8700781	A cross-platform, GPU-accelerated terminal emulator
terminal	wezterm	official	extra	20240203.110809.5046fc22.r869.g76b606ec5-3		20	111083505	A GPU-accelerated cross-platform terminal emulator and multi
terminal	ghostty	official	extra	1.3.1-2		26	30863708	Fast, native, feature-rich terminal emulator pushing modern 
file manager GUI	thunar	official	extra	4.20.10-1		9	10043092	Modern, fast and easy-to-use file manager for Xfce
file manager GUI	nautilus	official	extra	50.3.1-1		29	14282854	Default file manager for GNOME
file manager GUI	dolphin	official	extra	26.08.1-1		33	16500605	KDE File Manager
file manager GUI	pcmanfm	official	extra	1.4.0-2		11	1416781	Extremely fast and lightweight file manager
file manager TUI	yazi	official	extra	26.9.1-2		5	35794660	Blazing fast terminal file manager written in Rust, based on
file manager TUI	ranger	official	extra	1.9.4-5		1	2735389	Simple, vim-like file manager
file manager TUI	lf	official	extra	42-1		1	5939943	A terminal file manager inspired by ranger
file manager TUI	nnn	official	extra	5.3-1		6	419264	The fastest terminal file manager ever written.
polkit agent	polkit-kde-agent	official	extra	6.7.5-1		12	255934	Daemon providing a polkit authentication UI for KDE
polkit agent	hyprpolkitagent	official	extra	0.1.3-10		8	222097	Simple polkit authentication agent for Hyprland, written in 
polkit agent	polkit-gnome	official	extra	0.105-12		5	341144	Legacy polkit authentication agent for GNOME
polkit agent	lxqt-policykit	official	extra	2.4.0-1		2	97164	The LXQt policykit authentication agent
login / DM	sddm	official	extra	0.21.0-7		13	5597848	QML based X11 and Wayland display manager
login / DM	greetd	official	extra	0.10.3-2		6	665749	Generic greeter daemon
login / DM	ly	official	extra	1.4.1-1		3	1944245	TUI display manager
login / DM	lightdm	official	extra	1.33.1-1		15	1139117	A lightweight display manager
portals	xdg-desktop-portal-hyprland	official	extra	1.4.1-2		15	836491	xdg-desktop-portal backend for hyprland
portals	xdg-desktop-portal-gtk	official	extra	1.15.3-1		8	438110	A backend implementation for xdg-desktop-portal using GTK
portals	xdg-desktop-portal-wlr	official	extra	0.8.4-1		12	129223	xdg-desktop-portal backend for wlroots
portals	xdg-desktop-portal-gnome	official	extra	50.0-1		16	958225	Backend implementation for xdg-desktop-portal for the GNOME 
portals	xdg-desktop-portal-kde	official	extra	6.7.5-1		27	2825210	A backend implementation for xdg-desktop-portal using Qt/KF5
brightness	brightnessctl	official	extra	0.5.1-3		1	29066	Lightweight brightness control tool
brightness	ddcutil	official	extra	3.0.1-1		12	2775953	Query and change Linux monitor settings using DDC/CI and USB
brightness	light	AUR	-	1.2.2-5	18	0	0	A program to control backlights (and other hardware lights)
brightness	brillo	AUR	-	1.4.13-1	22	1	0	Control the brightness of backlight and keyboard LED devices
audio	pipewire	official	extra	1.6.9-1		10	1360998	Low-latency audio/video router and processor
audio	wireplumber	official	extra	0.5.17-2		12	1323655	Session / policy manager implementation for PipeWire
audio	pamixer	official	extra	1.6-4		3	278396	Pulseaudio command-line mixer like amixer
audio	pavucontrol	official	extra	6.2-1		10	1091272	PulseAudio Volume Control
audio	playerctl	official	extra	2.4.1-5		2	456515	mpris media player controller and lib for spotify, vlc, auda
power menu	hyprshutdown	official	extra	0.1.1-7		11	360183	A graceful shutdown utility for Hyprland
power menu	wlogout	AUR	-	1.2.2-0	77	3	0	Logout menu for wayland
night light	hyprsunset	official	extra	0.4.0-3		9	267398	An application to enable a blue-light filter on Hyprland
night light	gammastep	official	extra	2.0.11-2		11	812937	Adjust the color temperature of your screen according to you
night light	wlsunset	official	extra	0.4.0-1		1	32859	Day/night gamma adjustments for Wayland compositors
on-screen display	swayosd	official	extra	0.3.2-1		13	8740507	A GTK based on screen display for keyboard shortcuts like ca
on-screen display	wob	official	extra	0.16-2		4	50970	A lightweight overlay volume/backlight/progress/anything bar
system monitor	btop	official	extra	1.4.7-1		4	1778964	A monitor of system resources, bpytop ported to C++
system monitor	htop	official	extra	3.5.3-1		5	431271	Interactive process viewer
system monitor	fastfetch	official	extra	2.68.1-1		2	2105731	A feature-rich and performance oriented neofetch like system
visualiser	cava	official	extra	1.0.0-1		12	233996	Console-based Audio Visualizer with support for multiple bac
search tools	ripgrep	official	extra	15.2.0-1		3	4494285	A search tool that combines the usability of ag with the raw
search tools	fd	official	extra	10.5.0-3		3	3590184	Simple, fast and user-friendly alternative to find
search tools	fzf	official	extra	0.74.4-1		2	5742039	Command-line fuzzy finder
emoji picker	rofimoji-git	AUR	-	6.7.0.r6.g28bfdf9-1	2	1	0	Emoji, unicode and general character picker for rofi and rof
emoji picker	bemoji	AUR	-	0.4.0-1	12	1	0	Emoji picker that remembers your favorites
colour picker	hyprpicker	official	extra	0.4.7-4		7	236439	A wlroots-compatible Wayland color picker that does not suck
OCR	tesseract	official	extra	5.5.3-1		8	4889669	An OCR program
OCR	tesseract-data-eng	official	extra	4.1.0-5		1	23466654	Tesseract OCR data (eng)
update check	pacman-contrib	official	extra	1.13.1-1		1	132417	Contributed scripts and tools for pacman systems
update check	topgrade	AUR	-	17.12.1-1	73	1	0	Upgrade all the things
fonts	inter-font	official	extra	4.1-1		0	14967288	A typeface specially designed for user interfaces
fonts	ttf-jetbrains-mono-nerd	official	extra	3.5.1-2		0	243181403	Patched font JetBrains Mono from nerd fonts library
fonts	noto-fonts	official	extra	2026.09.01-1		0	111996917	Google Noto TTF fonts
fonts	noto-fonts-emoji	official	extra	2.051-1		0	10677810	Google Noto Color Emoji font
fonts	noto-fonts-cjk	official	extra	20240730-1		0	313299069	Google Noto CJK fonts
fonts	adwaita-fonts	official	extra	51.0-2		0	7627210	The typefaces for GNOME
icons	papirus-icon-theme	official	extra	20260801-1		1	116933252	Papirus icon theme
cursor	hyprcursor	official	extra	0.1.13-7		12	748221	The hyprland cursor format, library and utilities
GTK theme	adw-gtk3	NONE	-	-		0	0	
Qt theme	qt6ct	official	extra	0.11-8		5	706793	Qt 6 Configuration Utility
Qt theme	kvantum	official	extra	1.1.8-1		7	8809753	SVG-based theme engine for Qt6 (including config tool and ex
X11 apps	xorg-xwayland	official	extra	24.1.13-1		16	2459481	run X clients under wayland
secrets	gnome-keyring	official	extra	50.0-1		10	3368179	Stores passwords and encryption keys
bluetooth	bluez	official	extra	5.87-2		5	1812713	Daemons for the bluetooth protocol stack
bluetooth	bluez-utils	official	extra	5.87-2		5	3865141	Development and debugging utilities for the bluetooth protoc
bluetooth	blueman	official	extra	2.4.6-2		6	7176466	GTK+ Bluetooth Manager
network	networkmanager	official	extra	1.58.1-1		22	18977665	Network connection manager and user applications
network	nm-connection-editor	official	extra	1.36.0-2		2	4672565	NetworkManager GUI connection editor and widgets
power profiles	power-profiles-daemon	official	extra	0.30-1		6	145354	Makes power profiles handling available over D-Bus
power profiles	tlp	official	extra	1.10.2-1		7	747746	Linux Advanced Power Management
battery	upower	official	extra	1.91.4-1		10	891922	Abstraction for enumerating power devices, listening to devi
editor	neovim	official	extra	0.12.5-1		19	32009936	Fork of Vim aiming to improve user experience, plugins, and 
editor	helix	official	extra	25.07.1-2		4	216641483	A post-modern modal text editor
